,Job,Create,Start
0,a01,2023-10-06 08:17:04,2023-10-06 08:17:04
1,a02,2023-10-06 08:22:28,2023-10-06 08:22:28
2,a03,2023-10-06 08:38:41,2023-10-06 08:38:41
3,a04,2023-10-06 08:05:26,2023-10-06 08:05:26
4,a05,2023-10-06 08:27:52,2023-10-06 08:27:52
5,b01,2023-10-06 08:04:21,2023-10-06 08:04:21
6,b02,2023-10-06 08:27:52,2023-10-06 08:27:52
7,b03,2023-10-06 08:07:31,2023-10-06 08:07:31
8,b04,2023-10-06 08:11:42,2023-10-06 08:11:42
9,b05,2023-10-06 08:08:50,2023-10-06 08:08:50
10,c01,2023-10-06 08:27:53,2023-10-06 08:33:02
11,c02,2023-10-06 08:38:41,2023-10-06 08:38:41
12,c03,2023-10-06 08:33:04,2023-10-06 08:33:11
13,c04,2023-10-06 08:06:21,2023-10-06 08:06:21
14,c05,2023-10-06 08:33:12,2023-10-06 08:33:22
15,d01,2023-10-06 08:09:55,2023-10-06 08:11:41
16,d02,2023-10-06 08:22:28,2023-10-06 08:27:52
17,d03,2023-10-06 08:33:23,2023-10-06 08:38:40
18,d04,2023-10-06 08:11:47,2023-10-06 08:17:03
19,d05,2023-10-06 08:17:04,2023-10-06 08:22:27
